epoch,train_loss,val_loss,val_acc,focus_recall,selection_score,selection_metric,seed
1,1.291068,1.118538,0.525926,0.820513,0.820513,focus_recall,42
2,0.974799,0.734190,0.770370,0.743590,0.743590,focus_recall,42
3,0.862864,0.589459,0.837037,0.769231,0.769231,focus_recall,42
4,0.704072,0.502051,0.837037,0.717949,0.717949,focus_recall,42
5,0.607901,0.416536,0.859259,0.820513,0.820513,focus_recall,42
6,0.538075,0.395272,0.844444,0.717949,0.717949,focus_recall,42
7,0.498882,0.370160,0.881481,0.794872,0.794872,focus_recall,42
8,0.461825,0.377285,0.874074,0.794872,0.794872,focus_recall,42
9,0.445562,0.321707,0.881481,0.846154,0.846154,focus_recall,42
10,0.423961,0.312254,0.896296,0.923077,0.923077,focus_recall,42
11,0.394754,0.313706,0.903704,0.923077,0.923077,focus_recall,42
12,0.413645,0.310198,0.896296,0.897436,0.897436,focus_recall,42
13,0.388302,0.302291,0.903704,0.846154,0.846154,focus_recall,42
14,0.383181,0.305170,0.903704,0.871795,0.871795,focus_recall,42
15,0.379620,0.295138,0.896296,0.846154,0.846154,focus_recall,42
16,0.352108,0.278132,0.911111,0.897436,0.897436,focus_recall,42
17,0.348674,0.296182,0.911111,0.897436,0.897436,focus_recall,42
18,0.334800,0.284808,0.911111,0.897436,0.897436,focus_recall,42
19,0.373736,0.283813,0.903704,0.846154,0.846154,focus_recall,42
20,0.330144,0.294592,0.903704,0.846154,0.846154,focus_recall,42
21,0.325578,0.277858,0.918519,0.897436,0.897436,focus_recall,42
22,0.345263,0.280158,0.918519,0.923077,0.923077,focus_recall,42
1,1.347858,1.110391,0.511111,0.846154,0.846154,focus_recall,42
2,0.994555,1.036879,0.518519,0.769231,0.769231,focus_recall,42
1,1.285821,1.069563,0.592593,0.897436,0.897436,focus_recall,42
2,0.972854,0.800361,0.718519,0.769231,0.769231,focus_recall,42
3,0.863957,0.694430,0.762963,0.743590,0.743590,focus_recall,42
3,0.861363,0.593847,0.814815,0.769231,0.769231,focus_recall,42
4,0.721103,0.434529,0.851852,0.794872,0.794872,focus_recall,42
4,0.709459,0.382103,0.851852,0.743590,0.743590,focus_recall,42
5,0.619399,0.310361,0.866667,0.794872,0.794872,focus_recall,42
5,0.606980,0.336206,0.859259,0.794872,0.794872,focus_recall,42
6,0.523996,0.384540,0.844444,0.692308,0.692308,focus_recall,42
6,0.565927,0.310926,0.896296,0.820513,0.820513,focus_recall,42
7,0.480991,0.378571,0.837037,0.692308,0.692308,focus_recall,42
7,0.527741,0.273893,0.896296,0.794872,0.794872,focus_recall,42
8,0.433379,0.314125,0.874074,0.769231,0.769231,focus_recall,42
8,0.482414,0.309607,0.896296,0.743590,0.743590,focus_recall,42
9,0.446691,0.292251,0.888889,0.794872,0.794872,focus_recall,42
10,0.397363,0.289752,0.888889,0.769231,0.769231,focus_recall,42
9,0.488215,0.271996,0.903704,0.820513,0.820513,focus_recall,42
11,0.418718,0.280101,0.903704,0.820513,0.820513,focus_recall,42
10,0.418526,0.264630,0.911111,0.820513,0.820513,focus_recall,42
12,0.384435,0.252587,0.903704,0.846154,0.846154,focus_recall,42
11,0.417479,0.268695,0.903704,0.846154,0.846154,focus_recall,42
13,0.420284,0.234813,0.911111,0.846154,0.846154,focus_recall,42
12,0.392866,0.244535,0.911111,0.871795,0.871795,focus_recall,42
13,0.395832,0.230957,0.918519,0.897436,0.897436,focus_recall,42
14,0.382692,0.252452,0.918519,0.897436,0.897436,focus_recall,42
15,0.370695,0.243725,0.903704,0.846154,0.846154,focus_recall,42
16,0.363475,0.227897,0.918519,0.897436,0.897436,focus_recall,42
17,0.363881,0.233631,0.918519,0.871795,0.871795,focus_recall,42
18,0.334215,0.254556,0.911111,0.871795,0.871795,focus_recall,42
19,0.359130,0.245633,0.925926,0.923077,0.923077,focus_recall,42
20,0.340536,0.240785,0.925926,0.897436,0.897436,focus_recall,42
21,0.344730,0.247631,0.918519,0.897436,0.897436,focus_recall,42
22,0.342273,0.248735,0.918519,0.897436,0.897436,focus_recall,42
23,0.336114,0.243080,0.925926,0.897436,0.897436,focus_recall,42
24,0.330979,0.225536,0.925926,0.897436,0.897436,focus_recall,42
25,0.328592,0.240885,0.925926,0.897436,0.897436,focus_recall,42
26,0.311978,0.214191,0.925926,0.897436,0.897436,focus_recall,42
27,0.354484,0.250111,0.925926,0.871795,0.871795,focus_recall,42
28,0.339891,0.227408,0.933333,0.897436,0.897436,focus_recall,42
29,0.311896,0.230180,0.933333,0.923077,0.923077,focus_recall,42
30,0.306042,0.224143,0.933333,0.897436,0.897436,focus_recall,42
31,0.308485,0.249328,0.925926,0.897436,0.897436,focus_recall,42
1,1.335799,1.206425,0.481481,0.769231,0.625356,balanced,42
2,1.044788,0.750093,0.762963,0.846154,0.804558,balanced,42
3,0.855227,0.649352,0.718519,0.820513,0.769516,balanced,42
4,0.729170,0.505595,0.822222,0.743590,0.782906,balanced,42
5,0.601789,0.375966,0.859259,0.743590,0.801425,balanced,42
6,0.595677,0.339116,0.851852,0.743590,0.797721,balanced,42
7,0.501030,0.323505,0.874074,0.794872,0.834473,balanced,42
8,0.505077,0.285414,0.874074,0.871795,0.872934,balanced,42
9,0.432307,0.301433,0.881481,0.846154,0.863818,balanced,42
10,0.454374,0.265839,0.896296,0.846154,0.871225,balanced,42
11,0.413580,0.269829,0.888889,0.846154,0.867521,balanced,42
12,0.393778,0.252997,0.903704,0.846154,0.874929,balanced,42
13,0.383969,0.245987,0.911111,0.871795,0.891453,balanced,42
14,0.356079,0.264160,0.896296,0.846154,0.871225,balanced,42
15,0.356583,0.257998,0.911111,0.897436,0.904274,balanced,42
16,0.354386,0.249755,0.918519,0.897436,0.907977,balanced,42
17,0.367339,0.253240,0.903704,0.871795,0.887749,balanced,42
18,0.340841,0.265422,0.903704,0.871795,0.887749,balanced,42
19,0.335174,0.241905,0.903704,0.871795,0.887749,balanced,42
20,0.345392,0.243008,0.911111,0.897436,0.904274,balanced,42
21,0.345299,0.257244,0.918519,0.948718,0.933618,balanced,42
22,0.336708,0.237510,0.911111,0.871795,0.891453,balanced,42
23,0.334164,0.230729,0.911111,0.897436,0.904274,balanced,42
24,0.338155,0.250333,0.911111,0.897436,0.904274,balanced,42
25,0.321064,0.251750,0.918519,0.923077,0.920798,balanced,42
26,0.316531,0.247440,0.903704,0.871795,0.887749,balanced,42
27,0.374310,0.250314,0.918519,0.897436,0.907977,balanced,42
28,0.312787,0.250816,0.918519,0.897436,0.907977,balanced,42
29,0.330513,0.243262,0.925926,0.923077,0.924501,balanced,42
30,0.301423,0.256622,0.918519,0.923077,0.920798,balanced,42
31,0.302478,0.244042,0.918519,0.897436,0.907977,balanced,42
32,0.291161,0.238399,0.911111,0.871795,0.891453,balanced,42
33,0.299907,0.235343,0.918519,0.897436,0.907977,balanced,42
1,1.292122,1.551140,0.296296,0.000000,0.148148,balanced,42
2,0.938458,1.051375,0.466667,0.205128,0.335897,balanced,42
3,0.793759,0.901674,0.600000,0.128205,0.364103,balanced,42
4,0.635202,0.570353,0.777778,0.384615,0.581197,balanced,42
5,0.551445,0.457668,0.837037,0.615385,0.726211,balanced,42
6,0.481422,0.490994,0.807407,0.538462,0.672934,balanced,42
7,0.454049,0.456367,0.822222,0.512821,0.667521,balanced,42
8,0.461404,0.346927,0.881481,0.692308,0.786895,balanced,42
9,0.409188,0.365413,0.859259,0.641026,0.750142,balanced,42
10,0.407654,0.348810,0.881481,0.717949,0.799715,balanced,42
11,0.381618,0.318025,0.888889,0.743590,0.816239,balanced,42
12,0.363932,0.292237,0.903704,0.794872,0.849288,balanced,42
13,0.398224,0.282412,0.903704,0.794872,0.849288,balanced,42
14,0.340292,0.299939,0.903704,0.794872,0.849288,balanced,42
15,0.369313,0.265680,0.911111,0.820513,0.865812,balanced,42
16,0.328136,0.292614,0.896296,0.794872,0.845584,balanced,42
17,0.329037,0.291051,0.911111,0.820513,0.865812,balanced,42
18,0.309306,0.296285,0.903704,0.794872,0.849288,balanced,42
19,0.310374,0.248601,0.918519,0.871795,0.895157,balanced,42
20,0.320125,0.246261,0.903704,0.846154,0.874929,balanced,42
21,0.293281,0.254686,0.903704,0.820513,0.862108,balanced,42
22,0.316682,0.255748,0.903704,0.820513,0.862108,balanced,42
23,0.317491,0.278124,0.911111,0.794872,0.852991,balanced,42
24,0.305019,0.254537,0.925926,0.871795,0.898860,balanced,42
25,0.296500,0.270705,0.911111,0.820513,0.865812,balanced,42
26,0.316841,0.249690,0.918519,0.820513,0.869516,balanced,42
27,0.304846,0.239795,0.911111,0.871795,0.891453,balanced,42
28,0.312255,0.254056,0.911111,0.820513,0.865812,balanced,42
29,0.297367,0.236676,0.911111,0.871795,0.891453,balanced,42
30,0.299318,0.231461,0.925926,0.871795,0.898860,balanced,42
31,0.287816,0.247445,0.918519,0.820513,0.869516,balanced,42
32,0.296656,0.254929,0.911111,0.820513,0.865812,balanced,42
33,0.325704,0.254629,0.911111,0.820513,0.865812,balanced,42
34,0.281112,0.238481,0.918519,0.871795,0.895157,balanced,42
35,0.284041,0.241633,0.911111,0.820513,0.865812,balanced,42
36,0.299663,0.228911,0.925926,0.897436,0.911681,balanced,42
37,0.299359,0.233341,0.933333,0.897436,0.915385,balanced,42
38,0.285962,0.234895,0.911111,0.820513,0.865812,balanced,42
39,0.294424,0.236626,0.918519,0.846154,0.882336,balanced,42
40,0.280669,0.236114,0.918519,0.846154,0.882336,balanced,42
41,0.277295,0.235262,0.933333,0.897436,0.915385,balanced,42
42,0.268176,0.238175,0.933333,0.897436,0.915385,balanced,42
43,0.275075,0.241803,0.925926,0.871795,0.898860,balanced,42
44,0.285102,0.244442,0.918519,0.846154,0.882336,balanced,42
45,0.290909,0.245695,0.918519,0.846154,0.882336,balanced,42
46,0.307794,0.245410,0.918519,0.846154,0.882336,balanced,42
47,0.277586,0.244385,0.918519,0.846154,0.882336,balanced,42
48,0.291218,0.243596,0.918519,0.846154,0.882336,balanced,42
49,0.311137,0.244507,0.918519,0.846154,0.882336,balanced,42
